{
  "1890028643": {},
  "7790111233": {
    "last_thread_creation": 1755869554.7452254,
    "location": "d67ceb85",
    "last_location_switch": 1755869554.7452254,
    "sorted_threads_cache": [
      "d67ceb85"
    ],
    "last_history_request": 1755869725.1043165,
    "last_seen_threads": {
      "d67ceb85": 68516
    }
  }
}