{
  "1a0d9e53": {
    "op_id": 1890028643,
    "title": "Тгач тред",
    "created_at": "2025-08-20T20:56:26.668880+00:00",
    "last_activity_at": 1755723393.629411,
    "posts": [
      66167,
      66168
    ],
    "subscribers": [
      1890028643,
      1214778407
    ],
    "local_mutes": {},
    "local_shadow_mutes": {},
    "is_archived": false,
    "announced_milestones": [],
    "activity_notified": false
  }
}