{
  "1890028643": {
    "last_thread_creation": 1755723386.6688774,
    "location": "1a0d9e53",
    "last_location_switch": 1755723386.6688774
  },
  "7716348189": {
    "sorted_threads_cache": [
      "1a0d9e53"
    ]
  }
}